{
    "_id": {
        "$oid": "5acadeee734d1d55c317ca82"
    },
    "cluster_number": 1,
    "centroid": [
        0.7999999999999999,
        0.6666666666666666,
        0.6666666666666666,
        0,
        0,
        1,
        266.6666666666667,
        0.3333333333333333,
        1,
        0.7333333333333334,
        0.7666666666666666,
        0.6333333333333333
    ],
    "user_list": [
        1002,
        1004,
        1005
    ]
}
