{
    "_id": {
        "$oid": "5acadf36734d1d55c317caa8"
    },
    "cluster_number": 0,
    "centroid": [
        0.35,
        0.5,
        0.5,
        1,
        1,
        0.5,
        120,
        0.5,
        0.5,
        0.44999999999999996,
        0.44999999999999996,
        0.8500000000000001
    ],
    "user_list": [
        1001,
        1003
    ]
}
